[{"model": "admin.logentry", "pk": 1, "fields": {"action_time": "2023-07-22T15:12:10.088", "user": 1, "content_type": 17, "object_id": "1", "object_repr": "Product object (1)", "action_flag": 1, "change_message": "[{\"added\": {}}]"}}, {"model": "admin.logentry", "pk": 2, "fields": {"action_time": "2023-07-23T18:55:43.544", "user": 1, "content_type": 17, "object_id": "2", "object_repr": "Product object (2)", "action_flag": 1, "change_message": "[{\"added\": {}}]"}}, {"model": "admin.logentry", "pk": 3, "fields": {"action_time": "2023-07-23T21:51:02.838", "user": 1, "content_type": 17, "object_id": "1", "object_repr": "Product object (1)", "action_flag": 2, "change_message": "[]"}}, {"model": "admin.logentry", "pk": 4, "fields": {"action_time": "2023-07-23T21:51:06.138", "user": 1, "content_type": 17, "object_id": "2", "object_repr": "Product object (2)", "action_flag": 2, "change_message": "[]"}}, {"model": "admin.logentry", "pk": 5, "fields": {"action_time": "2023-07-23T21:51:35.353", "user": 1, "content_type": 17, "object_id": "1", "object_repr": "Product object (1)", "action_flag": 2, "change_message": "[]"}}, {"model": "admin.logentry", "pk": 6, "fields": {"action_time": "2023-07-23T22:55:39.318", "user": 1, "content_type": 16, "object_id": "1", "object_repr": "1", "action_flag": 1, "change_message": "[{\"added\": {}}]"}}, {"model": "admin.logentry", "pk": 7, "fields": {"action_time": "2023-07-23T22:55:47.925", "user": 1, "content_type": 18, "object_id": "1", "object_repr": "Order object (1)", "action_flag": 1, "change_message": "[{\"added\": {}}]"}}, {"model": "admin.logentry", "pk": 8, "fields": {"action_time": "2023-07-23T22:55:55.536", "user": 1, "content_type": 22, "object_id": "1", "object_repr": "CellProduct object (1)", "action_flag": 1, "change_message": "[{\"added\": {}}]"}}, {"model": "admin.logentry", "pk": 9, "fields": {"action_time": "2023-08-02T01:29:15.113", "user": 1, "content_type": 18, "object_id": "31", "object_repr": "Order object (31)", "action_flag": 3, "change_message": ""}}, {"model": "admin.logentry", "pk": 10, "fields": {"action_time": "2023-08-02T01:29:15.334", "user": 1, "content_type": 18, "object_id": "26", "object_repr": "Order object (26)", "action_flag": 3, "change_message": ""}}, {"model": "admin.logentry", "pk": 11, "fields": {"action_time": "2023-08-02T01:29:15.470", "user": 1, "content_type": 18, "object_id": "23", "object_repr": "Order object (23)", "action_flag": 3, "change_message": ""}}, {"model": "admin.logentry", "pk": 12, "fields": {"action_time": "2023-08-02T01:29:15.615", "user": 1, "content_type": 18, "object_id": "22", "object_repr": "Order object (22)", "action_flag": 3, "change_message": ""}}, {"model": "admin.logentry", "pk": 13, "fields": {"action_time": "2023-08-02T01:29:15.783", "user": 1, "content_type": 18, "object_id": "21", "object_repr": "Order object (21)", "action_flag": 3, "change_message": ""}}, {"model": "admin.logentry", "pk": 14, "fields": {"action_time": "2023-08-02T01:29:15.938", "user": 1, "content_type": 18, "object_id": "20", "object_repr": "Order object (20)", "action_flag": 3, "change_message": ""}}, {"model": "admin.logentry", "pk": 15, "fields": {"action_time": "2023-08-02T01:29:16.091", "user": 1, "content_type": 18, "object_id": "19", "object_repr": "Order object (19)", "action_flag": 3, "change_message": ""}}, {"model": "admin.logentry", "pk": 16, "fields": {"action_time": "2023-08-02T01:29:16.255", "user": 1, "content_type": 18, "object_id": "18", "object_repr": "Order object (18)", "action_flag": 3, "change_message": ""}}, {"model": "admin.logentry", "pk": 17, "fields": {"action_time": "2023-08-02T01:29:16.404", "user": 1, "content_type": 18, "object_id": "17", "object_repr": "Order object (17)", "action_flag": 3, "change_message": ""}}, {"model": "admin.logentry", "pk": 18, "fields": {"action_time": "2023-08-02T01:29:16.551", "user": 1, "content_type": 18, "object_id": "16", "object_repr": "Order object (16)", "action_flag": 3, "change_message": ""}}, {"model": "admin.logentry", "pk": 19, "fields": {"action_time": "2023-08-02T01:29:16.704", "user": 1, "content_type": 18, "object_id": "15", "object_repr": "Order object (15)", "action_flag": 3, "change_message": ""}}, {"model": "admin.logentry", "pk": 20, "fields": {"action_time": "2023-08-02T01:29:16.838", "user": 1, "content_type": 18, "object_id": "14", "object_repr": "Order object (14)", "action_flag": 3, "change_message": ""}}, {"model": "admin.logentry", "pk": 21, "fields": {"action_time": "2023-08-02T01:29:16.985", "user": 1, "content_type": 18, "object_id": "13", "object_repr": "Order object (13)", "action_flag": 3, "change_message": ""}}, {"model": "admin.logentry", "pk": 22, "fields": {"action_time": "2023-08-02T01:29:17.127", "user": 1, "content_type": 18, "object_id": "12", "object_repr": "Order object (12)", "action_flag": 3, "change_message": ""}}, {"model": "admin.logentry", "pk": 23, "fields": {"action_time": "2023-08-02T01:29:17.274", "user": 1, "content_type": 18, "object_id": "10", "object_repr": "Order object (10)", "action_flag": 3, "change_message": ""}}, {"model": "admin.logentry", "pk": 24, "fields": {"action_time": "2023-08-02T01:29:17.419", "user": 1, "content_type": 18, "object_id": "9", "object_repr": "Order object (9)", "action_flag": 3, "change_message": ""}}, {"model": "admin.logentry", "pk": 25, "fields": {"action_time": "2023-08-02T01:29:17.571", "user": 1, "content_type": 18, "object_id": "8", "object_repr": "Order object (8)", "action_flag": 3, "change_message": ""}}, {"model": "admin.logentry", "pk": 26, "fields": {"action_time": "2023-08-02T01:29:17.721", "user": 1, "content_type": 18, "object_id": "7", "object_repr": "Order object (7)", "action_flag": 3, "change_message": ""}}, {"model": "admin.logentry", "pk": 27, "fields": {"action_time": "2023-08-02T01:29:17.895", "user": 1, "content_type": 18, "object_id": "1", "object_repr": "Order object (1)", "action_flag": 3, "change_message": ""}}, {"model": "admin.logentry", "pk": 28, "fields": {"action_time": "2023-08-03T13:23:46.712", "user": 1, "content_type": 24, "object_id": "1", "object_repr": "sasanqua", "action_flag": 1, "change_message": "[{\"added\": {}}]"}}, {"model": "admin.logentry", "pk": 29, "fields": {"action_time": "2023-08-03T23:19:59.174", "user": 1, "content_type": 23, "object_id": "4", "object_repr": "VirtualUser object (4)", "action_flag": 1, "change_message": "[{\"added\": {}}]"}}, {"model": "admin.logentry", "pk": 30, "fields": {"action_time": "2023-08-03T23:23:13.802", "user": 1, "content_type": 23, "object_id": "5", "object_repr": "VirtualUser object (5)", "action_flag": 1, "change_message": "[{\"added\": {}}]"}}, {"model": "admin.logentry", "pk": 31, "fields": {"action_time": "2023-08-03T23:26:24.427", "user": 1, "content_type": 23, "object_id": "6", "object_repr": "VirtualUser object (6)", "action_flag": 1, "change_message": "[{\"added\": {}}]"}}, {"model": "admin.logentry", "pk": 32, "fields": {"action_time": "2023-08-04T22:48:29.157", "user": 1, "content_type": 29, "object_id": "1", "object_repr": "UserData object (1)", "action_flag": 2, "change_message": "[]"}}, {"model": "admin.logentry", "pk": 33, "fields": {"action_time": "2023-08-04T22:51:06.717", "user": 1, "content_type": 29, "object_id": "1", "object_repr": "UserData object (1)", "action_flag": 2, "change_message": "[]"}}, {"model": "admin.logentry", "pk": 34, "fields": {"action_time": "2023-08-04T22:51:19.020", "user": 1, "content_type": 29, "object_id": "2", "object_repr": "UserData object (2)", "action_flag": 1, "change_message": "[{\"added\": {}}]"}}, {"model": "auth.permission", "pk": 1, "fields": {"name": "Can add log entry", "content_type": 1, "codename": "add_logentry"}}, {"model": "auth.permission", "pk": 2, "fields": {"name": "Can change log entry", "content_type": 1, "codename": "change_logentry"}}, {"model": "auth.permission", "pk": 3, "fields": {"name": "Can delete log entry", "content_type": 1, "codename": "delete_logentry"}}, {"model": "auth.permission", "pk": 4, "fields": {"name": "Can view log entry", "content_type": 1, "codename": "view_logentry"}}, {"model": "auth.permission", "pk": 5, "fields": {"name": "Can add permission", "content_type": 2, "codename": "add_permission"}}, {"model": "auth.permission", "pk": 6, "fields": {"name": "Can change permission", "content_type": 2, "codename": "change_permission"}}, {"model": "auth.permission", "pk": 7, "fields": {"name": "Can delete permission", "content_type": 2, "codename": "delete_permission"}}, {"model": "auth.permission", "pk": 8, "fields": {"name": "Can view permission", "content_type": 2, "codename": "view_permission"}}, {"model": "auth.permission", "pk": 9, "fields": {"name": "Can add group", "content_type": 3, "codename": "add_group"}}, {"model": "auth.permission", "pk": 10, "fields": {"name": "Can change group", "content_type": 3, "codename": "change_group"}}, {"model": "auth.permission", "pk": 11, "fields": {"name": "Can delete group", "content_type": 3, "codename": "delete_group"}}, {"model": "auth.permission", "pk": 12, "fields": {"name": "Can view group", "content_type": 3, "codename": "view_group"}}, {"model": "auth.permission", "pk": 13, "fields": {"name": "Can add user", "content_type": 4, "codename": "add_user"}}, {"model": "auth.permission", "pk": 14, "fields": {"name": "Can change user", "content_type": 4, "codename": "change_user"}}, {"model": "auth.permission", "pk": 15, "fields": {"name": "Can delete user", "content_type": 4, "codename": "delete_user"}}, {"model": "auth.permission", "pk": 16, "fields": {"name": "Can view user", "content_type": 4, "codename": "view_user"}}, {"model": "auth.permission", "pk": 17, "fields": {"name": "Can add content type", "content_type": 5, "codename": "add_contenttype"}}, {"model": "auth.permission", "pk": 18, "fields": {"name": "Can change content type", "content_type": 5, "codename": "change_contenttype"}}, {"model": "auth.permission", "pk": 19, "fields": {"name": "Can delete content type", "content_type": 5, "codename": "delete_contenttype"}}, {"model": "auth.permission", "pk": 20, "fields": {"name": "Can view content type", "content_type": 5, "codename": "view_contenttype"}}, {"model": "auth.permission", "pk": 21, "fields": {"name": "Can add session", "content_type": 6, "codename": "add_session"}}, {"model": "auth.permission", "pk": 22, "fields": {"name": "Can change session", "content_type": 6, "codename": "change_session"}}, {"model": "auth.permission", "pk": 23, "fields": {"name": "Can delete session", "content_type": 6, "codename": "delete_session"}}, {"model": "auth.permission", "pk": 24, "fields": {"name": "Can view session", "content_type": 6, "codename": "view_session"}}, {"model": "auth.permission", "pk": 25, "fields": {"name": "Can add association", "content_type": 7, "codename": "add_association"}}, {"model": "auth.permission", "pk": 26, "fields": {"name": "Can change association", "content_type": 7, "codename": "change_association"}}, {"model": "auth.permission", "pk": 27, "fields": {"name": "Can delete association", "content_type": 7, "codename": "delete_association"}}, {"model": "auth.permission", "pk": 28, "fields": {"name": "Can view association", "content_type": 7, "codename": "view_association"}}, {"model": "auth.permission", "pk": 29, "fields": {"name": "Can add code", "content_type": 8, "codename": "add_code"}}, {"model": "auth.permission", "pk": 30, "fields": {"name": "Can change code", "content_type": 8, "codename": "change_code"}}, {"model": "auth.permission", "pk": 31, "fields": {"name": "Can delete code", "content_type": 8, "codename": "delete_code"}}, {"model": "auth.permission", "pk": 32, "fields": {"name": "Can view code", "content_type": 8, "codename": "view_code"}}, {"model": "auth.permission", "pk": 33, "fields": {"name": "Can add nonce", "content_type": 9, "codename": "add_nonce"}}, {"model": "auth.permission", "pk": 34, "fields": {"name": "Can change nonce", "content_type": 9, "codename": "change_nonce"}}, {"model": "auth.permission", "pk": 35, "fields": {"name": "Can delete nonce", "content_type": 9, "codename": "delete_nonce"}}, {"model": "auth.permission", "pk": 36, "fields": {"name": "Can view nonce", "content_type": 9, "codename": "view_nonce"}}, {"model": "auth.permission", "pk": 37, "fields": {"name": "Can add user social auth", "content_type": 10, "codename": "add_usersocialauth"}}, {"model": "auth.permission", "pk": 38, "fields": {"name": "Can change user social auth", "content_type": 10, "codename": "change_usersocialauth"}}, {"model": "auth.permission", "pk": 39, "fields": {"name": "Can delete user social auth", "content_type": 10, "codename": "delete_usersocialauth"}}, {"model": "auth.permission", "pk": 40, "fields": {"name": "Can view user social auth", "content_type": 10, "codename": "view_usersocialauth"}}, {"model": "auth.permission", "pk": 41, "fields": {"name": "Can add partial", "content_type": 11, "codename": "add_partial"}}, {"model": "auth.permission", "pk": 42, "fields": {"name": "Can change partial", "content_type": 11, "codename": "change_partial"}}, {"model": "auth.permission", "pk": 43, "fields": {"name": "Can delete partial", "content_type": 11, "codename": "delete_partial"}}, {"model": "auth.permission", "pk": 44, "fields": {"name": "Can view partial", "content_type": 11, "codename": "view_partial"}}, {"model": "auth.permission", "pk": 45, "fields": {"name": "Can add contact", "content_type": 12, "codename": "add_contact"}}, {"model": "auth.permission", "pk": 46, "fields": {"name": "Can change contact", "content_type": 12, "codename": "change_contact"}}, {"model": "auth.permission", "pk": 47, "fields": {"name": "Can delete contact", "content_type": 12, "codename": "delete_contact"}}, {"model": "auth.permission", "pk": 48, "fields": {"name": "Can view contact", "content_type": 12, "codename": "view_contact"}}, {"model": "auth.permission", "pk": 49, "fields": {"name": "Can add shop", "content_type": 13, "codename": "add_shop"}}, {"model": "auth.permission", "pk": 50, "fields": {"name": "Can change shop", "content_type": 13, "codename": "change_shop"}}, {"model": "auth.permission", "pk": 51, "fields": {"name": "Can delete shop", "content_type": 13, "codename": "delete_shop"}}, {"model": "auth.permission", "pk": 52, "fields": {"name": "Can view shop", "content_type": 13, "codename": "view_shop"}}, {"model": "auth.permission", "pk": 53, "fields": {"name": "Can add user control", "content_type": 14, "codename": "add_usercontrol"}}, {"model": "auth.permission", "pk": 54, "fields": {"name": "Can change user control", "content_type": 14, "codename": "change_usercontrol"}}, {"model": "auth.permission", "pk": 55, "fields": {"name": "Can delete user control", "content_type": 14, "codename": "delete_usercontrol"}}, {"model": "auth.permission", "pk": 56, "fields": {"name": "Can view user control", "content_type": 14, "codename": "view_usercontrol"}}, {"model": "auth.permission", "pk": 57, "fields": {"name": "Can add user admin", "content_type": 15, "codename": "add_useradmin"}}, {"model": "auth.permission", "pk": 58, "fields": {"name": "Can change user admin", "content_type": 15, "codename": "change_useradmin"}}, {"model": "auth.permission", "pk": 59, "fields": {"name": "Can delete user admin", "content_type": 15, "codename": "delete_useradmin"}}, {"model": "auth.permission", "pk": 60, "fields": {"name": "Can view user admin", "content_type": 15, "codename": "view_useradmin"}}, {"model": "auth.permission", "pk": 61, "fields": {"name": "Can add ticket", "content_type": 16, "codename": "add_ticket"}}, {"model": "auth.permission", "pk": 62, "fields": {"name": "Can change ticket", "content_type": 16, "codename": "change_ticket"}}, {"model": "auth.permission", "pk": 63, "fields": {"name": "Can delete ticket", "content_type": 16, "codename": "delete_ticket"}}, {"model": "auth.permission", "pk": 64, "fields": {"name": "Can view ticket", "content_type": 16, "codename": "view_ticket"}}, {"model": "auth.permission", "pk": 65, "fields": {"name": "Can add product", "content_type": 17, "codename": "add_product"}}, {"model": "auth.permission", "pk": 66, "fields": {"name": "Can change product", "content_type": 17, "codename": "change_product"}}, {"model": "auth.permission", "pk": 67, "fields": {"name": "Can delete product", "content_type": 17, "codename": "delete_product"}}, {"model": "auth.permission", "pk": 68, "fields": {"name": "Can view product", "content_type": 17, "codename": "view_product"}}, {"model": "auth.permission", "pk": 69, "fields": {"name": "Can add order", "content_type": 18, "codename": "add_order"}}, {"model": "auth.permission", "pk": 70, "fields": {"name": "Can change order", "content_type": 18, "codename": "change_order"}}, {"model": "auth.permission", "pk": 71, "fields": {"name": "Can delete order", "content_type": 18, "codename": "delete_order"}}, {"model": "auth.permission", "pk": 72, "fields": {"name": "Can view order", "content_type": 18, "codename": "view_order"}}, {"model": "auth.permission", "pk": 73, "fields": {"name": "Can add news", "content_type": 19, "codename": "add_news"}}, {"model": "auth.permission", "pk": 74, "fields": {"name": "Can change news", "content_type": 19, "codename": "change_news"}}, {"model": "auth.permission", "pk": 75, "fields": {"name": "Can delete news", "content_type": 19, "codename": "delete_news"}}, {"model": "auth.permission", "pk": 76, "fields": {"name": "Can view news", "content_type": 19, "codename": "view_news"}}, {"model": "auth.permission", "pk": 77, "fields": {"name": "Can add faq", "content_type": 20, "codename": "add_faq"}}, {"model": "auth.permission", "pk": 78, "fields": {"name": "Can change faq", "content_type": 20, "codename": "change_faq"}}, {"model": "auth.permission", "pk": 79, "fields": {"name": "Can delete faq", "content_type": 20, "codename": "delete_faq"}}, {"model": "auth.permission", "pk": 80, "fields": {"name": "Can view faq", "content_type": 20, "codename": "view_faq"}}, {"model": "auth.permission", "pk": 81, "fields": {"name": "Can add c stype", "content_type": 21, "codename": "add_cstype"}}, {"model": "auth.permission", "pk": 82, "fields": {"name": "Can change c stype", "content_type": 21, "codename": "change_cstype"}}, {"model": "auth.permission", "pk": 83, "fields": {"name": "Can delete c stype", "content_type": 21, "codename": "delete_cstype"}}, {"model": "auth.permission", "pk": 84, "fields": {"name": "Can view c stype", "content_type": 21, "codename": "view_cstype"}}, {"model": "auth.permission", "pk": 85, "fields": {"name": "Can add cell product", "content_type": 22, "codename": "add_cellproduct"}}, {"model": "auth.permission", "pk": 86, "fields": {"name": "Can change cell product", "content_type": 22, "codename": "change_cellproduct"}}, {"model": "auth.permission", "pk": 87, "fields": {"name": "Can delete cell product", "content_type": 22, "codename": "delete_cellproduct"}}, {"model": "auth.permission", "pk": 88, "fields": {"name": "Can view cell product", "content_type": 22, "codename": "view_cellproduct"}}, {"model": "auth.permission", "pk": 89, "fields": {"name": "Can add virtual user", "content_type": 23, "codename": "add_virtualuser"}}, {"model": "auth.permission", "pk": 90, "fields": {"name": "Can change virtual user", "content_type": 23, "codename": "change_virtualuser"}}, {"model": "auth.permission", "pk": 91, "fields": {"name": "Can delete virtual user", "content_type": 23, "codename": "delete_virtualuser"}}, {"model": "auth.permission", "pk": 92, "fields": {"name": "Can view virtual user", "content_type": 23, "codename": "view_virtualuser"}}, {"model": "auth.permission", "pk": 93, "fields": {"name": "Can add vadmin user", "content_type": 24, "codename": "add_vadminuser"}}, {"model": "auth.permission", "pk": 94, "fields": {"name": "Can change vadmin user", "content_type": 24, "codename": "change_vadminuser"}}, {"model": "auth.permission", "pk": 95, "fields": {"name": "Can delete vadmin user", "content_type": 24, "codename": "delete_vadminuser"}}, {"model": "auth.permission", "pk": 96, "fields": {"name": "Can view vadmin user", "content_type": 24, "codename": "view_vadminuser"}}, {"model": "auth.permission", "pk": 97, "fields": {"name": "Can add resource", "content_type": 25, "codename": "add_resource"}}, {"model": "auth.permission", "pk": 98, "fields": {"name": "Can change resource", "content_type": 25, "codename": "change_resource"}}, {"model": "auth.permission", "pk": 99, "fields": {"name": "Can delete resource", "content_type": 25, "codename": "delete_resource"}}, {"model": "auth.permission", "pk": 100, "fields": {"name": "Can view resource", "content_type": 25, "codename": "view_resource"}}, {"model": "auth.permission", "pk": 101, "fields": {"name": "Can add review", "content_type": 26, "codename": "add_review"}}, {"model": "auth.permission", "pk": 102, "fields": {"name": "Can change review", "content_type": 26, "codename": "change_review"}}, {"model": "auth.permission", "pk": 103, "fields": {"name": "Can delete review", "content_type": 26, "codename": "delete_review"}}, {"model": "auth.permission", "pk": 104, "fields": {"name": "Can view review", "content_type": 26, "codename": "view_review"}}, {"model": "auth.permission", "pk": 105, "fields": {"name": "Can add user", "content_type": 27, "codename": "add_customuser"}}, {"model": "auth.permission", "pk": 106, "fields": {"name": "Can change user", "content_type": 27, "codename": "change_customuser"}}, {"model": "auth.permission", "pk": 107, "fields": {"name": "Can delete user", "content_type": 27, "codename": "delete_customuser"}}, {"model": "auth.permission", "pk": 108, "fields": {"name": "Can view user", "content_type": 27, "codename": "view_customuser"}}, {"model": "auth.permission", "pk": 109, "fields": {"name": "Can add cell resource", "content_type": 28, "codename": "add_cellresource"}}, {"model": "auth.permission", "pk": 110, "fields": {"name": "Can change cell resource", "content_type": 28, "codename": "change_cellresource"}}, {"model": "auth.permission", "pk": 111, "fields": {"name": "Can delete cell resource", "content_type": 28, "codename": "delete_cellresource"}}, {"model": "auth.permission", "pk": 112, "fields": {"name": "Can view cell resource", "content_type": 28, "codename": "view_cellresource"}}, {"model": "auth.permission", "pk": 113, "fields": {"name": "Can add user data", "content_type": 29, "codename": "add_userdata"}}, {"model": "auth.permission", "pk": 114, "fields": {"name": "Can change user data", "content_type": 29, "codename": "change_userdata"}}, {"model": "auth.permission", "pk": 115, "fields": {"name": "Can delete user data", "content_type": 29, "codename": "delete_userdata"}}, {"model": "auth.permission", "pk": 116, "fields": {"name": "Can view user data", "content_type": 29, "codename": "view_userdata"}}, {"model": "auth.permission", "pk": 117, "fields": {"name": "Can add shop grade", "content_type": 30, "codename": "add_shopgrade"}}, {"model": "auth.permission", "pk": 118, "fields": {"name": "Can change shop grade", "content_type": 30, "codename": "change_shopgrade"}}, {"model": "auth.permission", "pk": 119, "fields": {"name": "Can delete shop grade", "content_type": 30, "codename": "delete_shopgrade"}}, {"model": "auth.permission", "pk": 120, "fields": {"name": "Can view shop grade", "content_type": 30, "codename": "view_shopgrade"}}, {"model": "auth.user", "pk": 1, "fields": {"password": "pbkdf2_sha256$390000$xkaTPZO0IiwxXzOPTfdLBS$i4Q0ZOKF0fdYRgRFvAWZ/vIQ8sVAsChiYZ6ss8Fzo2k=", "last_login": "2023-08-04T22:47:01.813", "is_superuser": true, "username": "admin", "first_name": "", "last_name": "", "email": "admin@admin.net", "is_staff": true, "is_active": true, "date_joined": "2023-07-22T08:48:10.797", "groups": [], "user_permissions": []}}, {"model": "auth.user", "pk": 3, "fields": {"password": "pbkdf2_sha256$390000$gzDVeKcGePIHq7uXizgkQk$92T/cbpMa5ZC4iNXXFJHD2YtQY/L93fxNyCeR6w+/+Q=", "last_login": "2023-07-26T01:19:39.419", "is_superuser": false, "username": "sasanqua", "first_name": "", "last_name": "", "email": "sasanqua@local", "is_staff": false, "is_active": true, "date_joined": "2023-07-26T00:57:51.235", "groups": [], "user_permissions": []}}, {"model": "auth.user", "pk": 4, "fields": {"password": "pbkdf2_sha256$390000$QbAsAWvdg7YxaoZyjnqcpQ$mseYWUczfHy6tNonqO/otiIoLwLvLX8roMqyPNYf3aw=", "last_login": "2023-07-26T01:07:10.549", "is_superuser": false, "username": "ssq", "first_name": "", "last_name": "", "email": "sasanqua@local1", "is_staff": false, "is_active": true, "date_joined": "2023-07-26T01:07:09.608", "groups": [], "user_permissions": []}}, {"model": "auth.user", "pk": 5, "fields": {"password": "!OCBN0daGW10rsX8n2lqJnePL9FDDAjtNbbiRhCDG", "last_login": "2023-07-31T21:59:44.680", "is_superuser": false, "username": "210133", "first_name": "健悟", "last_name": "3133半田", "email": "210133@oks.city-saitama.ed.jp", "is_staff": false, "is_active": true, "date_joined": "2023-07-31T21:59:43.895", "groups": [], "user_permissions": []}}, {"model": "auth.user", "pk": 6, "fields": {"password": "pbkdf2_sha256$390000$mfPGuDWzWbwjHqrzXJxECl$63M73KIkezuno1P6zlSHIvHKcb/ciYcxcFYSYIfejZQ=", "last_login": "2023-08-03T15:09:24.864", "is_superuser": false, "username": "nosta", "first_name": "健悟", "last_name": "半田", "email": "sazanka0316@gmail.com.hoge", "is_staff": false, "is_active": true, "date_joined": "2023-08-03T15:09:23.996", "groups": [], "user_permissions": []}}, {"model": "auth.user", "pk": 7, "fields": {"password": "pbkdf2_sha256$390000$ibEUNrmXmy2l647T8LeLks$t0gjA7lr8krMra8LIpxR1H9LNkqaw/auSDk08nwWOlc=", "last_login": "2023-08-03T15:12:34.384", "is_superuser": false, "username": "nostat1", "first_name": "健悟", "last_name": "半田", "email": "sazanka0316@gmail.com.t2", "is_staff": false, "is_active": true, "date_joined": "2023-08-03T15:12:05.390", "groups": [], "user_permissions": []}}, {"model": "auth.user", "pk": 8, "fields": {"password": "pbkdf2_sha256$390000$XUnpmfdsFwrcshEZKrMh4L$3GkfT49Vrhh0Jedwh/9JAHtbhfx5DSF5RobpwUskwcA=", "last_login": "2023-08-03T22:31:40.890", "is_superuser": false, "username": "HtEad6mlrq", "first_name": "", "last_name": "ゲスト", "email": "HtEad6mlrq@nosta.guest_user", "is_staff": false, "is_active": true, "date_joined": "2023-08-03T22:31:40.255", "groups": [], "user_permissions": []}}, {"model": "auth.user", "pk": 9, "fields": {"password": "pbkdf2_sha256$390000$1AfMXCrtcQrPmCoaqJcNpx$GWQUyZ7LpujviOHsBnMKboyQFf8/WRG1I0v+3BunZj8=", "last_login": "2023-08-03T22:33:49.846", "is_superuser": false, "username": "EJ4Ex8Zc4D", "first_name": "", "last_name": "ゲスト", "email": "EJ4Ex8Zc4D@nosta.guest_user", "is_staff": false, "is_active": true, "date_joined": "2023-08-03T22:33:49.235", "groups": [], "user_permissions": []}}, {"model": "auth.user", "pk": 10, "fields": {"password": "pbkdf2_sha256$390000$q6TebXUYgFoX7bAXzQwCfx$qq+sk5b6fykgPT5V7QoLI7TXLXTDRbBFcK7ZOL8XO64=", "last_login": "2023-08-03T22:40:23.946", "is_superuser": false, "username": "WwAt0pKDCH", "first_name": "", "last_name": "ゲスト", "email": "WwAt0pKDCH@nosta.guest_user", "is_staff": false, "is_active": true, "date_joined": "2023-08-03T22:38:52.438", "groups": [], "user_permissions": []}}, {"model": "auth.user", "pk": 11, "fields": {"password": "pbkdf2_sha256$390000$0lMJS3snQLfIDtRXpa8t91$SfC5JjG84RpOcW/nS4AvIc18tLHnjo6XhdThXa3zm7s=", "last_login": "2023-08-03T22:49:04.730", "is_superuser": false, "username": "AQP8ERfoB1", "first_name": "", "last_name": "ゲスト", "email": "AQP8ERfoB1@nosta.guest_user", "is_staff": false, "is_active": true, "date_joined": "2023-08-03T22:49:03.749", "groups": [], "user_permissions": []}}, {"model": "auth.user", "pk": 16, "fields": {"password": "pbkdf2_sha256$390000$HGhvVzOnEg7Jz6AeB42yPy$NyJHjOEpUjgR5YJy8mmU2SoVcxLkROBl7FAQkGH1LDQ=", "last_login": "2023-08-03T23:26:08.037", "is_superuser": false, "username": "49J8stQszD", "first_name": "さざんか", "last_name": "ゲスト", "email": "sazanka0316@gmail.com", "is_staff": false, "is_active": true, "date_joined": "2023-08-03T23:26:07.195", "groups": [], "user_permissions": []}}, {"model": "auth.user", "pk": 17, "fields": {"password": "pbkdf2_sha256$390000$inWgsDo9u150LA8CGS3Kjy$pgmyDnYpML5VAIB9o+a8xPVjOPFrcKCZ4QK0kUhK0LE=", "last_login": "2023-08-05T11:11:06.716", "is_superuser": false, "username": "sazanka0316", "first_name": "さざんか", "last_name": "", "email": "SVJDY1nsWr@nosta.guest-user", "is_staff": false, "is_active": true, "date_joined": "2023-08-03T23:39:24.935", "groups": [], "user_permissions": []}}, {"model": "auth.user", "pk": 18, "fields": {"password": "pbkdf2_sha256$390000$XXNMaMzyM3gAOUAoymMZu0$YbSNBoHl3hXZdRXJWWCUW3NUpgK1PGliA+X/clKs1QY=", "last_login": "2023-08-04T22:07:30.340", "is_superuser": false, "username": "RtwtKaYd4t", "first_name": "ゲスト", "last_name": "", "email": "RtwtKaYd4t@nosta.guest-user", "is_staff": false, "is_active": true, "date_joined": "2023-08-04T22:07:29.763", "groups": [], "user_permissions": []}}, {"model": "contenttypes.contenttype", "pk": 1, "fields": {"app_label": "admin", "model": "logentry"}}, {"model": "contenttypes.contenttype", "pk": 2, "fields": {"app_label": "auth", "model": "permission"}}, {"model": "contenttypes.contenttype", "pk": 3, "fields": {"app_label": "auth", "model": "group"}}, {"model": "contenttypes.contenttype", "pk": 4, "fields": {"app_label": "auth", "model": "user"}}, {"model": "contenttypes.contenttype", "pk": 5, "fields": {"app_label": "contenttypes", "model": "contenttype"}}, {"model": "contenttypes.contenttype", "pk": 6, "fields": {"app_label": "sessions", "model": "session"}}, {"model": "contenttypes.contenttype", "pk": 7, "fields": {"app_label": "social_django", "model": "association"}}, {"model": "contenttypes.contenttype", "pk": 8, "fields": {"app_label": "social_django", "model": "code"}}, {"model": "contenttypes.contenttype", "pk": 9, "fields": {"app_label": "social_django", "model": "nonce"}}, {"model": "contenttypes.contenttype", "pk": 10, "fields": {"app_label": "social_django", "model": "usersocialauth"}}, {"model": "contenttypes.contenttype", "pk": 11, "fields": {"app_label": "social_django", "model": "partial"}}, {"model": "contenttypes.contenttype", "pk": 12, "fields": {"app_label": "db", "model": "contact"}}, {"model": "contenttypes.contenttype", "pk": 13, "fields": {"app_label": "db", "model": "shop"}}, {"model": "contenttypes.contenttype", "pk": 14, "fields": {"app_label": "db", "model": "usercontrol"}}, {"model": "contenttypes.contenttype", "pk": 15, "fields": {"app_label": "db", "model": "useradmin"}}, {"model": "contenttypes.contenttype", "pk": 16, "fields": {"app_label": "db", "model": "ticket"}}, {"model": "contenttypes.contenttype", "pk": 17, "fields": {"app_label": "db", "model": "product"}}, {"model": "contenttypes.contenttype", "pk": 18, "fields": {"app_label": "db", "model": "order"}}, {"model": "contenttypes.contenttype", "pk": 19, "fields": {"app_label": "db", "model": "news"}}, {"model": "contenttypes.contenttype", "pk": 20, "fields": {"app_label": "db", "model": "faq"}}, {"model": "contenttypes.contenttype", "pk": 21, "fields": {"app_label": "db", "model": "cstype"}}, {"model": "contenttypes.contenttype", "pk": 22, "fields": {"app_label": "db", "model": "cellproduct"}}, {"model": "contenttypes.contenttype", "pk": 23, "fields": {"app_label": "db", "model": "virtualuser"}}, {"model": "contenttypes.contenttype", "pk": 24, "fields": {"app_label": "db", "model": "vadminuser"}}, {"model": "contenttypes.contenttype", "pk": 25, "fields": {"app_label": "db", "model": "resource"}}, {"model": "contenttypes.contenttype", "pk": 26, "fields": {"app_label": "db", "model": "review"}}, {"model": "contenttypes.contenttype", "pk": 27, "fields": {"app_label": "db", "model": "customuser"}}, {"model": "contenttypes.contenttype", "pk": 28, "fields": {"app_label": "db", "model": "cellresource"}}, {"model": "contenttypes.contenttype", "pk": 29, "fields": {"app_label": "db", "model": "userdata"}}, {"model": "contenttypes.contenttype", "pk": 30, "fields": {"app_label": "db", "model": "shopgrade"}}, {"model": "sessions.session", "pk": "217q5owzmk28ai6dhn10qbrca4kph96b", "fields": {"session_data": "eyJuZXh0IjoiLyIsImdvb2dsZS1vYXV0aDJfc3RhdGUiOiJEU3B6aVIwM0l0azFCMFF2Y0ljOHJwY1JyODc2TXV4TCJ9:1qRZx4:2pBM4CGypuBmhaS12wFtfYVlz2ujo1232CGGjWalxxw", "expire_date": "2023-08-18T00:09:22.869"}}, {"model": "sessions.session", "pk": "64goan0bucer376u7q5viqopp0difmzb", "fields": {"session_data": ".eJxVkEtvwjAQhP-LzyXYTuIHt55oe2hVCRU4WWtn81DTGGEjEaH-dxzgQE6rndE3s9oLGfAcyYos4XBYkhfSeN_0uPBwii03IULE5OZ2VBv3B-dRlO9Wf5T772K7__kcdzLt67cEmokwp4BH01UJYXIuWnC_OExO8K6D3jh_xOyhhuzem61v4-t1ap_zLYQ2wdwxXVZKMq6K2qHVUNeqAMVLkfOcC4ZaVwVTVFvHKooWJbUgRfIpRSpS6KP_Ft1DiKb3TTc8HTj7Afm_AiHSYB8:1qS6l0:fBZptl2ql208YthdYj7Hp2J7ASJFAcw8yR5hFcXg4NM", "expire_date": "2023-08-19T11:11:06.881"}}, {"model": "sessions.session", "pk": "7j43aorl288uzee69w95asjir2dlj2mz", "fields": {"session_data": ".eJxVjEEOwiAQRe_C2hBKpxRcuvcMZGaYStVAUtqV8e7apAvd_vfef6mI25rj1mSJc1Jn1avT70bIDyk7SHcst6q5lnWZSe-KPmjT15rkeTncv4OMLX9rD87YRCOiECN3RJMzLsAEJKOw69AgDDgOmCYWSwwANjgPfQAij-r9ARLiOOM:1qOKl9:fsxlqhM6hf2mypZQ8hygAXQ9j4qhypoUC0yKSUaEugM", "expire_date": "2023-08-09T01:19:39.548"}}, {"model": "sessions.session", "pk": "8ng085kq1597jsju2sfc16k40rp1sos0", "fields": {"session_data": ".eJxVjEEOwiAQRe_C2pAMDFBcuvcMZBhAqoYmpV013t2QdKHb_977hwi0bzXsPa9hTuIqQFx-t0j8ym2A9KT2WCQvbVvnKIciT9rlfUn5fTvdv4NKvY7asaFCESChcXoCAmOVLj5GQg0GwZFShMjI2SMX8qoo51yyOGWrxecL4i03mw:1qMzr6:KsI7dfzLOKe5bbtcYa6oOAZE7CpGyn3OgboC0-E_7Gc", "expire_date": "2023-08-05T08:48:16.754"}}, {"model": "sessions.session", "pk": "9f1xoofz6ssv1k4zr31seohzw2oa96po", "fields": {"session_data": "e30:1qRRWW:T-OWUdrqlJBgAk8ooYiYn-xBikPsswEKFilrGhvdz_8", "expire_date": "2023-08-17T15:09:24.730"}}, {"model": "sessions.session", "pk": "hh70m1s6bqxbwujf2jikbighgyprzzr6", "fields": {"session_data": ".eJxVkDtPxDAQhP-La0jsJLIduqsQJ514FCjQWGt781Ci-BRvBAjx33GOK0i10oy-mdF-sxk_id2xPPbhnLswxzBh7iH2NsDi8_gVzRkWMoSRBGc3rAuhm_A2wEp9YSIBYeLla_vQNs1T2_C3dZyJTuM4cvvi6fnjyO17As1GmDXiYgafkGKvWXAjzpsRgxtgMi4smF3VmP3VZveX83jYyvd8nzYnGFpVoZbcFarSglet5hLBoiw41pKXqpZKQXK8q0otdOFq67UHIZBLVYoUeu2_RE8QyUyhG-Z_A3cvYD-_2TpuJg:1qQzxX:Ipfwu3zpZuTWFbAujndYHT_ahWnKgs-7EoyoRPeV1xM", "expire_date": "2023-08-16T09:43:27.830"}}, {"model": "sessions.session", "pk": "qdglwdg1fr1s6aetesml8z5vk0a1lm2o", "fields": {"session_data": ".eJxVkEtvwyAQhP8L59YFbGPIrUqlXPpKpVxyQQtePxIEkiFqqyj_PTjNoT6tNKNvZjVn4vEnkRV5Ig-kD6F3-BjglAauY4KE2dnvpt-ydmvBXt93b_y7hjXurX_5VEd_gO1XBvVM6FPESY9tRlizFA3YI_rZicGO4LQNExZ3NRZ_vcXmdj6e5_YlP0AcMswtU3UrG8Zl1Vk0CrpOViB5LUpecsFQqbZikipjWUvRYEMNNCL7lCIVOfTef4t2EJN2oR_9vwcXG5DLFbsDXvY:1qRwVn:Ru7ulr7pyJY1D6Nmd1ya16epRg6hwyPby4LF-IL2Yvc", "expire_date": "2023-08-19T00:14:43.573"}}, {"model": "sessions.session", "pk": "qr20c7hrl9gop2vnge30guqj4dge0x96", "fields": {"session_data": ".eJxVjEEOwiAQRe_C2pAMDFBcuvcMZBhAqoYmpV013t2QdKHb_977hwi0bzXsPa9hTuIqQFx-t0j8ym2A9KT2WCQvbVvnKIciT9rlfUn5fTvdv4NKvY7asaFCESChcXoCAmOVLj5GQg0GwZFShMjI2SMX8qoo51yyOGWrxecL4i03mw:1qNYY0:JwKlyFx3CYJfHQ-LEfCGGmOfGjO3Vw0-9xuEF29OQ30", "expire_date": "2023-08-06T21:50:52.524"}}, {"model": "sessions.session", "pk": "rlzdtaac81zr5ffhxnldp9tog3rz1y18", "fields": {"session_data": ".eJxVjM0KgkAURt9l1iX-3EanXVGEQgQuolZy78zVqcyR1E3Ru6fgpu13zvk-onKuqnnpcOhtWHQ99izWIm2fpDbZKa-zvb1cuc2yIIVDe8jPO5W2b7EQxVQUQ8ev4mbGJPrfCPWDmwmYOzaV87Rr-teNvEnxZtp5R2e43s7u34HFzo51AtIPDcWITBp1QFRKXyoogThmLQP0EVYYr9CUmkPSABAqmUCkgChB8f0B7uBLvA:1qOKQ3:92ZI_C4vFQwN3k8y4KP8PkLz5wq_TZ_iOgktHGrxEJI", "expire_date": "2023-08-09T00:57:51.991"}}, {"model": "social_django.usersocialauth", "pk": 2, "fields": {"user": 5, "provider": "google-oauth2", "uid": "210133@oks.city-saitama.ed.jp", "extra_data": "{\"auth_time\": 1690808384, \"expires\": 3599, \"token_type\": \"Bearer\", \"access_token\": \"ya29.a0AbVbY6NDbtdxyRZjkdQX3prWms42R--g0aNtYvgPh-lWUtP6fM92YSqQ5bQkoyqMs1u9YzKiB0_cn87nvQOI_dQRxa6L8XMjxKOCXqaXFqrZYfc8B0GkK15CdSnnFAmcdblrFmpXYTTHqGBYWW5Cd6buAvQyaCgYKAZISARASFQFWKvPlxlbavvAKqsnQE2zoH5nIcA0163\"}", "created": "2023-07-31T21:59:44.032", "modified": "2023-07-31T21:59:44.153"}}, {"model": "social_django.usersocialauth", "pk": 4, "fields": {"user": 17, "provider": "google-oauth2", "uid": "sazanka0316@gmail.com", "extra_data": "{\"auth_time\": 1691201466, \"expires\": 3599, \"token_type\": \"Bearer\", \"access_token\": \"ya29.a0AfB_byAHL7z1twcDIydcnKSX3tycdu_LgviJs6n_JbTvRvcGMWZFOiK6pjt8CU-GDjSQipZBqcxlwdzIAxI2EzvziJYhWjd5sjVtgIxE7xU87nyREk3EMnA-TXwGqTQOPLaJqgZMDDWuvk_W-Ndsmgw0CoLVaCgYKAToSARASFQHsvYlsET-fbnl5uD-XFJJkVuGeeQ0163\"}", "created": "2023-08-04T00:09:35.249", "modified": "2023-08-05T11:11:06.320"}}, {"model": "db.shop", "pk": 1, "fields": {"grade": "Lite", "name": "開発テスト", "code": "sys_part_test1", "description": "", "website": "", "email_massege": "", "people_min": 1, "people_max": 10, "online_ticket": "false", "online_auth": "false", "sic": "サービス業", "category": "ホームセンター", "organization": "", "created_at": "2023-07-22T08:49:05.989", "regi_ticket": false, "regi_pass": false, "regi_post": false, "market_active": false, "webhock": "", "secret": "asdfafs", "token": "asdldfsdsd", "order_limit": null, "ucc_baner": null, "ucc_treasure": null, "ucc_ticket": null, "ucc_resource": null, "is_active": true}}, {"model": "db.shop", "pk": 2, "fields": {"grade": "Lite", "name": "開発テスト", "code": "sys_part_test2", "description": "", "website": "", "email_massege": "", "people_min": 1, "people_max": 10, "online_ticket": "false", "online_auth": "false", "sic": "サービス業", "category": "模擬店(屋内)", "organization": "", "created_at": "2023-07-23T18:52:22.731", "regi_ticket": false, "regi_pass": false, "regi_post": false, "market_active": false, "webhock": "", "secret": "asdfafs", "token": "asdldfsdsd", "order_limit": null, "ucc_baner": null, "ucc_treasure": null, "ucc_ticket": null, "ucc_resource": null, "is_active": true}}, {"model": "db.shop", "pk": 3, "fields": {"grade": "Lite", "name": "スマホアプリテスト", "code": "sys_part_test3", "description": "", "website": "", "email_massege": "", "people_min": 1, "people_max": 10, "online_ticket": "false", "online_auth": "false", "sic": "その他", "category": "その他", "organization": "", "created_at": "2023-07-26T00:59:44.506", "regi_ticket": false, "regi_pass": false, "regi_post": false, "market_active": false, "webhock": "", "secret": "asdfafs", "token": "asdldfsdsd", "order_limit": null, "ucc_baner": null, "ucc_treasure": null, "ucc_ticket": null, "ucc_resource": null, "is_active": true}}, {"model": "db.shop", "pk": 4, "fields": {"grade": "Lite", "name": "テスト", "code": "sys_part_test4", "description": "", "website": "", "email_massege": "", "people_min": 1, "people_max": 10, "online_ticket": "false", "online_auth": "false", "sic": "その他", "category": "その他", "organization": "", "created_at": "2023-07-26T01:07:52.760", "regi_ticket": false, "regi_pass": false, "regi_post": false, "market_active": false, "webhock": "", "secret": "asdfafs", "token": "asdldfsdsd", "order_limit": null, "ucc_baner": null, "ucc_treasure": null, "ucc_ticket": null, "ucc_resource": null, "is_active": true}}, {"model": "db.shop", "pk": 5, "fields": {"grade": "Lite", "name": "開発テスト", "code": "sys_part_test10", "description": "", "website": "http://localhost:5000", "email_massege": "", "people_min": 1, "people_max": 10, "online_ticket": "false", "online_auth": "false", "sic": "農林・水産", "category": "スーパーマーケット", "organization": "", "created_at": "2023-07-31T00:36:31.791", "regi_ticket": false, "regi_pass": true, "regi_post": false, "market_active": false, "webhock": "http://localhost", "secret": "vSwxiMZY5W", "token": "DQd4AAaF49RiSQ6wygVl1gz5CLwXUklkPrL2W4PiuyimMhAAx5rma7gAg0Yf", "order_limit": null, "ucc_baner": "", "ucc_treasure": "None", "ucc_ticket": "None", "ucc_resource": "None", "is_active": true}}, {"model": "db.shop", "pk": 6, "fields": {"grade": "Lite", "name": "asd", "code": "asd", "description": "これは店舗紹介文\n\n\nこれも", "website": "", "email_massege": null, "people_min": null, "people_max": null, "online_ticket": "false", "online_auth": "false", "sic": "農林・水産", "category": "スーパーマーケット", "organization": null, "created_at": "2023-08-04T22:08:12.429", "regi_ticket": false, "regi_pass": false, "regi_post": false, "market_active": true, "webhock": "", "secret": "uTxhKW8BNU", "token": "TuCeP5NoJYsZEjHuY6GbHARXtSZKfvRUwQoFGHCB9sF82XllnPM8Lr2gciiO", "order_limit": null, "ucc_baner": "", "ucc_treasure": "", "ucc_ticket": "", "ucc_resource": "", "is_active": true}}, {"model": "db.userdata", "pk": 1, "fields": {"user": 17, "favorites": [6]}}, {"model": "db.userdata", "pk": 2, "fields": {"user": 1, "favorites": [6]}}, {"model": "db.virtualuser", "pk": 6, "fields": {"user": 16, "shop": 1, "permission": "owner", "status": "approved", "name": "Kengo Handa", "team": "システム統括", "created_at": "2023-08-03T23:26:24.416"}}, {"model": "db.virtualuser", "pk": 7, "fields": {"user": 17, "shop": 6, "permission": "owner", "status": "approved", "name": "sasanqua", "team": "sasanqua", "created_at": "2023-08-04T22:08:13.040"}}, {"model": "db.ticket", "pk": 1, "fields": {"customer": null, "number": 1, "shop": 2, "people": 1, "cstype": "N", "location": "N", "status": "N", "day": "N", "created_at": "2023-07-23T22:55:39.308", "finished_at": "2023-07-23T22:55:39.308", "waiting": 10}}, {"model": "db.ticket", "pk": 2, "fields": {"customer": null, "number": 1, "shop": 2, "people": 1, "cstype": "None", "location": "internal", "status": "Called", "day": "2023-07-24", "created_at": "2023-07-24T07:16:10.081", "finished_at": "2023-07-24T08:14:03.117", "waiting": 0}}, {"model": "db.ticket", "pk": 3, "fields": {"customer": null, "number": 2, "shop": 2, "people": 1, "cstype": "None", "location": "internal", "status": "Canceled", "day": "2023-07-24", "created_at": "2023-07-24T07:16:14.334", "finished_at": "2023-07-24T08:14:05.246", "waiting": 0}}, {"model": "db.ticket", "pk": 4, "fields": {"customer": null, "number": 3, "shop": 2, "people": 1, "cstype": "None", "location": "internal", "status": "Calling", "day": "2023-07-24", "created_at": "2023-07-24T07:16:16.905", "finished_at": "2023-07-24T08:14:06.598", "waiting": 0}}, {"model": "db.ticket", "pk": 5, "fields": {"customer": null, "number": 4, "shop": 2, "people": 1, "cstype": "None", "location": "internal", "status": "Waiting", "day": "2023-07-24", "created_at": "2023-07-24T07:16:19.191", "finished_at": "2023-07-24T07:16:19.192", "waiting": 0}}, {"model": "db.product", "pk": 1, "fields": {"shop": 1, "name": "チョコドーナッツ", "category": "ドーナッツ(通常)", "price_sell": 300, "price_buy": 200, "description": "チョコドーナッツ", "code": "None", "web_cart": true, "image": "None", "status": "在庫あり", "limit": 5, "cancel": true, "is_active": true}}, {"model": "db.product", "pk": 4, "fields": {"shop": 2, "name": "クランチキャラメル", "category": "ドーナッツ", "price_sell": 300, "price_buy": 110, "description": "", "code": "9784804046655", "web_cart": false, "image": null, "status": "在庫なし", "limit": 5, "cancel": true, "is_active": true}}, {"model": "db.product", "pk": 5, "fields": {"shop": 2, "name": "シュガーリングドーナツ", "category": "ドーナッツ", "price_sell": 300, "price_buy": 110, "description": "", "code": null, "web_cart": false, "image": null, "status": "在庫なし", "limit": 5, "cancel": true, "is_active": true}}, {"model": "db.product", "pk": 6, "fields": {"shop": 2, "name": "クッキーリング", "category": "ドーナッツ", "price_sell": 300, "price_buy": 110, "description": "", "code": null, "web_cart": false, "image": null, "status": "在庫なし", "limit": 5, "cancel": true, "is_active": true}}, {"model": "db.product", "pk": 7, "fields": {"shop": 2, "name": "オールドファッション", "category": "ドーナッツ", "price_sell": 300, "price_buy": 110, "description": "", "code": null, "web_cart": false, "image": null, "status": "在庫なし", "limit": 5, "cancel": true, "is_active": true}}, {"model": "db.product", "pk": 8, "fields": {"shop": 2, "name": "チョコオールド", "category": "ドーナッツ", "price_sell": 300, "price_buy": 110, "description": "", "code": null, "web_cart": false, "image": null, "status": "在庫なし", "limit": 5, "cancel": true, "is_active": true}}, {"model": "db.product", "pk": 9, "fields": {"shop": 2, "name": "カントリーファッション（キャラメル）", "category": "ドーナッツ(小)", "price_sell": 250, "price_buy": 85, "description": "", "code": null, "web_cart": false, "image": null, "status": "在庫なし", "limit": 5, "cancel": true, "is_active": true}}, {"model": "db.product", "pk": 10, "fields": {"shop": 2, "name": "カントリーファッション（イチゴ）", "category": "ドーナッツ(小)", "price_sell": 250, "price_buy": 85, "description": "", "code": null, "web_cart": false, "image": null, "status": "在庫なし", "limit": 5, "cancel": true, "is_active": true}}, {"model": "db.product", "pk": 11, "fields": {"shop": 2, "name": "ＵＣＣ ブレンドコーヒー微糖 １８５ｇ", "category": "ドリンク(100)", "price_sell": 100, "price_buy": 48, "description": "", "code": null, "web_cart": false, "image": null, "status": "在庫なし", "limit": 5, "cancel": true, "is_active": true}}, {"model": "db.product", "pk": 12, "fields": {"shop": 2, "name": "サンガリア グランティーレモンＰ５００ｍｌ", "category": "ドリンク(130)", "price_sell": 130, "price_buy": 68, "description": "", "code": null, "web_cart": false, "image": null, "status": "在庫なし", "limit": 5, "cancel": true, "is_active": true}}, {"model": "db.product", "pk": 13, "fields": {"shop": 2, "name": "サンガリア あなたのお茶 缶３４０ｇ △", "category": "ドリンク(120)", "price_sell": 120, "price_buy": 50, "description": "", "code": null, "web_cart": false, "image": null, "status": "在庫なし", "limit": 5, "cancel": true, "is_active": true}}, {"model": "db.product", "pk": 14, "fields": {"shop": 2, "name": "バヤリース すっきりオレンジ 缶２４５ｇ", "category": "ドリンク(100)", "price_sell": 100, "price_buy": 56, "description": "", "code": null, "web_cart": false, "image": null, "status": "在庫なし", "limit": 5, "cancel": true, "is_active": true}}, {"model": "db.product", "pk": 15, "fields": {"shop": 2, "name": "サンガリア 紅茶姫ロイヤルミルクティ２７５ｇ", "category": "ドリンク(120)", "price_sell": 120, "price_buy": 70, "description": "", "code": null, "web_cart": false, "image": null, "status": "在庫なし", "limit": 5, "cancel": true, "is_active": true}}, {"model": "db.product", "pk": 16, "fields": {"shop": 2, "name": "クランチキャラメル", "category": "ドーナッツ(割)", "price_sell": 250, "price_buy": 110, "description": "", "code": "9784804046655", "web_cart": false, "image": null, "status": "在庫なし", "limit": 5, "cancel": true, "is_active": true}}, {"model": "db.product", "pk": 17, "fields": {"shop": 2, "name": "シュガーリングドーナツ", "category": "ドーナッツ(割)", "price_sell": 250, "price_buy": 110, "description": "", "code": null, "web_cart": false, "image": null, "status": "在庫なし", "limit": 5, "cancel": true, "is_active": true}}, {"model": "db.product", "pk": 18, "fields": {"shop": 2, "name": "クッキーリング", "category": "ドーナッツ(割)", "price_sell": 250, "price_buy": 110, "description": "", "code": null, "web_cart": false, "image": null, "status": "在庫なし", "limit": 5, "cancel": true, "is_active": true}}, {"model": "db.product", "pk": 19, "fields": {"shop": 2, "name": "オールドファッション", "category": "ドーナッツ(割)", "price_sell": 250, "price_buy": 110, "description": "", "code": null, "web_cart": false, "image": null, "status": "在庫なし", "limit": 5, "cancel": true, "is_active": true}}, {"model": "db.product", "pk": 20, "fields": {"shop": 2, "name": "チョコオールド", "category": "ドーナッツ(割)", "price_sell": 250, "price_buy": 110, "description": "", "code": null, "web_cart": false, "image": null, "status": "在庫なし", "limit": 5, "cancel": true, "is_active": true}}, {"model": "db.product", "pk": 21, "fields": {"shop": 2, "name": "カントリーファッション（キャラメル）", "category": "ドーナッツ(割)", "price_sell": 200, "price_buy": 85, "description": "", "code": null, "web_cart": false, "image": null, "status": "在庫なし", "limit": 5, "cancel": true, "is_active": true}}, {"model": "db.product", "pk": 22, "fields": {"shop": 2, "name": "カントリーファッション（イチゴ）", "category": "ドーナッツ(割)", "price_sell": 200, "price_buy": 85, "description": "", "code": null, "web_cart": false, "image": null, "status": "在庫なし", "limit": 5, "cancel": true, "is_active": true}}, {"model": "db.product", "pk": 24, "fields": {"shop": 5, "name": "クッキーリング", "category": "ドーナッツ", "price_sell": 300, "price_buy": 0, "description": "", "code": "4547345021537", "web_cart": true, "image": "https://kumachan-donuts.pages.dev/images/product/cookie.jpg", "status": "在庫あり", "limit": 1, "cancel": true, "is_active": true}}, {"model": "db.product", "pk": 25, "fields": {"shop": 5, "name": "チョコオールド", "category": "ドーナッツ", "price_sell": 300, "price_buy": 0, "description": "", "code": "4547345021537", "web_cart": true, "image": "https://kumachan-donuts.pages.dev/images/product/o-choco.jpg", "status": "在庫なし", "limit": 5, "cancel": true, "is_active": true}}, {"model": "db.product", "pk": 26, "fields": {"shop": 6, "name": "asdasd", "category": "asd", "price_sell": 100, "price_buy": 0, "description": "", "code": "", "web_cart": true, "image": "", "status": "在庫あり", "limit": 5, "cancel": false, "is_active": true}}, {"model": "db.product", "pk": 27, "fields": {"shop": 6, "name": "asddasd", "category": "asdasd", "price_sell": 567, "price_buy": 5678, "description": "", "code": "", "web_cart": true, "image": "", "status": "在庫なし", "limit": 23, "cancel": false, "is_active": true}}, {"model": "db.order", "pk": 2, "fields": {"user": null, "customer": null, "shop": 5, "status": "complete", "day": "2023-08-03", "created_at": "2023-08-03T21:52:20.373", "finished_at": "2023-08-03T22:02:18.241", "ticket": null, "number": 1, "total_price": 300, "cs_price": 0, "remaining_price": 0, "reserved_date": "2023-09-02T22:52:00", "secret": "VpBYrOq8Xo", "reserved_id": 1502, "email": null}}, {"model": "db.order", "pk": 3, "fields": {"user": null, "customer": null, "shop": 5, "status": "reserved", "day": "", "created_at": "2023-08-03T23:15:56.785", "finished_at": "2023-08-03T23:15:56.977", "ticket": null, "number": 1, "total_price": 300, "cs_price": 0, "remaining_price": 0, "reserved_date": "2023-08-03T23:15:00", "secret": "IFJIC8asX4", "reserved_id": 1503, "email": null}}, {"model": "db.order", "pk": 4, "fields": {"user": null, "customer": null, "shop": 1, "status": "reserved", "day": "", "created_at": "2023-08-03T23:21:00.495", "finished_at": "2023-08-03T23:21:00.945", "ticket": null, "number": 1, "total_price": 300, "cs_price": 0, "remaining_price": 0, "reserved_date": "2023-08-03T23:20:00", "secret": "9ZI3CxUSDX", "reserved_id": 1504, "email": null}}, {"model": "db.order", "pk": 5, "fields": {"user": null, "customer": null, "shop": 1, "status": "reserved", "day": "", "created_at": "2023-08-03T23:23:30.545", "finished_at": "2023-08-03T23:23:30.708", "ticket": null, "number": 1, "total_price": 300, "cs_price": 0, "remaining_price": 0, "reserved_date": "2023-08-03T23:23:00", "secret": "dC1WzTsCR7", "reserved_id": 1505, "email": null}}, {"model": "db.order", "pk": 6, "fields": {"user": null, "customer": 16, "shop": 1, "status": "reserved", "day": "", "created_at": "2023-08-03T23:26:50.433", "finished_at": "2023-08-03T23:26:50.903", "ticket": null, "number": 1, "total_price": 300, "cs_price": 0, "remaining_price": 0, "reserved_date": "2023-08-03T23:26:00", "secret": "i2xTsvLuqu", "reserved_id": 1506, "email": null}}, {"model": "db.order", "pk": 10, "fields": {"user": null, "customer": 17, "shop": 6, "status": "cancel", "day": "", "created_at": "2023-08-05T21:57:19.093", "finished_at": "2023-08-05T22:21:29.037", "ticket": null, "number": 5, "total_price": 500, "cs_price": 0, "remaining_price": 0, "reserved_date": "2023-08-16T21:57:00", "secret": "3irbk6ti6o", "reserved_id": 1510, "email": null}}, {"model": "db.order", "pk": 11, "fields": {"user": null, "customer": 17, "shop": 6, "status": "cancel", "day": "", "created_at": "2023-08-05T22:22:31.773", "finished_at": "2023-08-05T22:47:53.630", "ticket": null, "number": 3, "total_price": 300, "cs_price": 0, "remaining_price": 0, "reserved_date": "2023-08-05T22:22:00", "secret": "mvIHDi99Rq", "reserved_id": 1511, "email": null}}, {"model": "db.order", "pk": 12, "fields": {"user": null, "customer": 17, "shop": 6, "status": "cancel", "day": "", "created_at": "2023-08-05T22:24:32.133", "finished_at": "2023-08-05T22:24:38.930", "ticket": null, "number": 3, "total_price": 300, "cs_price": 0, "remaining_price": 0, "reserved_date": "2023-08-05T00:24:00", "secret": "OlU82scZYi", "reserved_id": 1512, "email": null}}, {"model": "db.order", "pk": 13, "fields": {"user": null, "customer": 17, "shop": 6, "status": "cancel", "day": "", "created_at": "2023-08-05T22:25:23.157", "finished_at": "2023-08-05T22:25:30.020", "ticket": null, "number": 2, "total_price": 200, "cs_price": 0, "remaining_price": 0, "reserved_date": "2023-08-11T22:25:00", "secret": "mh9vpw5mhd", "reserved_id": 1513, "email": null}}, {"model": "db.order", "pk": 14, "fields": {"user": null, "customer": 17, "shop": 6, "status": "cancel", "day": "", "created_at": "2023-08-05T22:27:57.071", "finished_at": "2023-08-05T22:48:26.574", "ticket": null, "number": 3, "total_price": 300, "cs_price": 0, "remaining_price": 0, "reserved_date": "2023-08-11T22:27:00", "secret": "td0V0ZuXs8", "reserved_id": 1514, "email": null}}, {"model": "db.order", "pk": 15, "fields": {"user": null, "customer": 17, "shop": 6, "status": "cancel", "day": "", "created_at": "2023-08-05T22:46:03.715", "finished_at": "2023-08-05T22:48:21.565", "ticket": null, "number": 2, "total_price": 0, "cs_price": 0, "remaining_price": 0, "reserved_date": "2023-08-10T22:46:00", "secret": "YFVMlHSO7i", "reserved_id": 1515, "email": null}}, {"model": "db.order", "pk": 16, "fields": {"user": null, "customer": 17, "shop": 6, "status": "cancel", "day": "", "created_at": "2023-08-05T22:46:46.525", "finished_at": "2023-08-05T22:48:05.158", "ticket": null, "number": 2, "total_price": 100, "cs_price": 0, "remaining_price": 0, "reserved_date": "2023-08-09T22:46:00", "secret": "tjVzvfFi1Z", "reserved_id": 1516, "email": null}}, {"model": "db.order", "pk": 17, "fields": {"user": null, "customer": 17, "shop": 6, "status": "cancel", "day": "", "created_at": "2023-08-05T23:34:22.990", "finished_at": "2023-08-05T23:35:02.941", "ticket": null, "number": 1, "total_price": 100, "cs_price": 0, "remaining_price": 0, "reserved_date": "2023-08-05T23:34:00", "secret": "MduoomM0q6", "reserved_id": 1517, "email": null}}, {"model": "db.order", "pk": 19, "fields": {"user": 7, "customer": null, "shop": 6, "status": "complete", "day": "2023-08-05", "created_at": "2023-08-05T23:46:05.565", "finished_at": "2023-08-05T23:46:05.565", "ticket": null, "number": 2, "total_price": 200, "cs_price": 300, "remaining_price": 100, "reserved_date": null, "secret": null, "reserved_id": null, "email": null}}, {"model": "db.order", "pk": 20, "fields": {"user": null, "customer": 17, "shop": 6, "status": "reserved", "day": "", "created_at": "2023-08-05T23:46:32.210", "finished_at": "2023-08-05T23:46:33.264", "ticket": null, "number": 2, "total_price": 100, "cs_price": 0, "remaining_price": 0, "reserved_date": "2023-08-10T23:46:00", "secret": "gOVKheOLiN", "reserved_id": 1520, "email": null}}, {"model": "db.cellproduct", "pk": 2, "fields": {"product": null, "order": null, "shop": 2, "number": 1000, "style": "import", "reason": null, "price": 300000, "day": "2023-07-24", "created_at": "2023-07-24T00:20:05.793"}}, {"model": "db.cellproduct", "pk": 3, "fields": {"product": 4, "order": null, "shop": 2, "number": 10, "style": "import", "reason": null, "price": 1100, "day": "2023-07-25", "created_at": "2023-07-25T07:12:13.012"}}, {"model": "db.cellproduct", "pk": 4, "fields": {"product": 16, "order": null, "shop": 2, "number": 100, "style": "import", "reason": null, "price": 11000, "day": "2023-07-25", "created_at": "2023-07-25T12:24:16.463"}}, {"model": "db.cellproduct", "pk": 8, "fields": {"product": 8, "order": null, "shop": 2, "number": 100, "style": "import", "reason": null, "price": 11000, "day": "2023-07-25", "created_at": "2023-07-25T20:59:27.652"}}, {"model": "db.cellproduct", "pk": 15, "fields": {"product": 5, "order": null, "shop": 2, "number": 10, "style": "import", "reason": null, "price": 1100, "day": "2023-07-25", "created_at": "2023-07-25T23:58:10.230"}}, {"model": "db.cellproduct", "pk": 19, "fields": {"product": null, "order": null, "shop": 5, "number": 1000, "style": "import", "reason": null, "price": 0, "day": "2023-08-01", "created_at": "2023-08-01T10:42:23.674"}}, {"model": "db.cellproduct", "pk": 20, "fields": {"product": 24, "order": null, "shop": 5, "number": 100, "style": "import", "reason": null, "price": 0, "day": "2023-08-01", "created_at": "2023-08-01T10:50:20.806"}}, {"model": "db.cellproduct", "pk": 21, "fields": {"product": 24, "order": null, "shop": 5, "number": 100, "style": "import", "reason": null, "price": 0, "day": "2023-08-01", "created_at": "2023-08-01T10:51:01.181"}}, {"model": "db.cellproduct", "pk": 22, "fields": {"product": null, "order": null, "shop": 5, "number": 1, "style": "import", "reason": null, "price": 0, "day": "2023-08-01", "created_at": "2023-08-01T10:51:13.673"}}, {"model": "db.cellproduct", "pk": 23, "fields": {"product": null, "order": null, "shop": 5, "number": 1000, "style": "export", "reason": null, "price": 0, "day": "2023-08-01", "created_at": "2023-08-01T10:51:24.217"}}, {"model": "db.cellproduct", "pk": 37, "fields": {"product": null, "order": null, "shop": 5, "number": 30, "style": "import", "reason": null, "price": 0, "day": "2023-08-02", "created_at": "2023-08-02T00:34:13.356"}}, {"model": "db.cellproduct", "pk": 40, "fields": {"product": 24, "order": 2, "shop": 5, "number": 1, "style": "reserved", "reason": null, "price": 300, "day": "", "created_at": "2023-08-03T21:52:21.119"}}, {"model": "db.cellproduct", "pk": 41, "fields": {"product": 24, "order": 3, "shop": 5, "number": 1, "style": "reserved", "reason": null, "price": 300, "day": "", "created_at": "2023-08-03T23:15:57.148"}}, {"model": "db.cellproduct", "pk": 42, "fields": {"product": 1, "order": null, "shop": 1, "number": 30, "style": "import", "reason": null, "price": 6000, "day": "2023-08-03", "created_at": "2023-08-03T23:20:36.132"}}, {"model": "db.cellproduct", "pk": 43, "fields": {"product": 1, "order": 4, "shop": 1, "number": 1, "style": "reserved", "reason": null, "price": 300, "day": "", "created_at": "2023-08-03T23:21:01.131"}}, {"model": "db.cellproduct", "pk": 44, "fields": {"product": 1, "order": 5, "shop": 1, "number": 1, "style": "reserved", "reason": null, "price": 300, "day": "", "created_at": "2023-08-03T23:23:30.858"}}, {"model": "db.cellproduct", "pk": 45, "fields": {"product": 1, "order": 6, "shop": 1, "number": 1, "style": "reserved", "reason": null, "price": 300, "day": "", "created_at": "2023-08-03T23:26:51.056"}}, {"model": "db.cellproduct", "pk": 49, "fields": {"product": 26, "order": null, "shop": 6, "number": 1000, "style": "import", "reason": null, "price": 0, "day": "2023-08-05", "created_at": "2023-08-05T21:56:33.925"}}, {"model": "db.cellproduct", "pk": 50, "fields": {"product": 26, "order": 10, "shop": 6, "number": 0, "style": "reserved", "reason": null, "price": 0, "day": "", "created_at": "2023-08-05T21:57:19.707"}}, {"model": "db.cellproduct", "pk": 51, "fields": {"product": 26, "order": 11, "shop": 6, "number": 0, "style": "reserved", "reason": null, "price": 0, "day": "", "created_at": "2023-08-05T22:22:32.075"}}, {"model": "db.cellproduct", "pk": 52, "fields": {"product": 26, "order": 12, "shop": 6, "number": 0, "style": "reserved", "reason": null, "price": 0, "day": "", "created_at": "2023-08-05T22:24:32.802"}}, {"model": "db.cellproduct", "pk": 53, "fields": {"product": 26, "order": 13, "shop": 6, "number": 0, "style": "reserved", "reason": null, "price": 0, "day": "", "created_at": "2023-08-05T22:25:23.807"}}, {"model": "db.cellproduct", "pk": 54, "fields": {"product": 26, "order": 14, "shop": 6, "number": 0, "style": "reserved", "reason": null, "price": 0, "day": "", "created_at": "2023-08-05T22:27:57.727"}}, {"model": "db.cellproduct", "pk": 55, "fields": {"product": 26, "order": 15, "shop": 6, "number": 0, "style": "reserved", "reason": null, "price": 0, "day": "", "created_at": "2023-08-05T22:46:04.049"}}, {"model": "db.cellproduct", "pk": 56, "fields": {"product": 26, "order": 16, "shop": 6, "number": 0, "style": "reserved", "reason": null, "price": 0, "day": "", "created_at": "2023-08-05T22:46:47.168"}}, {"model": "db.cellproduct", "pk": 57, "fields": {"product": 26, "order": 17, "shop": 6, "number": 0, "style": "reserved", "reason": null, "price": 0, "day": "", "created_at": "2023-08-05T23:34:23.590"}}, {"model": "db.cellproduct", "pk": 59, "fields": {"product": 26, "order": 19, "shop": 6, "number": 2, "style": "sold", "reason": null, "price": 100, "day": "2023-08-05", "created_at": "2023-08-05T23:46:06.018"}}, {"model": "db.cellproduct", "pk": 60, "fields": {"product": 26, "order": 20, "shop": 6, "number": 2, "style": "reserved", "reason": null, "price": 100, "day": "", "created_at": "2023-08-05T23:46:32.901"}}]